[
  {
    "name": "Google",
    "url": "https://www.google.com",
    "icon": "https://icons.duckduckgo.com/ip3/www.google.com.ico",
    "slug": "google",
    "status": "up",
    "uptime": "100.00%",
    "uptimeDay": "100.00%",
    "uptimeWeek": "100.00%",
    "uptimeMonth": "100.00%",
    "uptimeYear": "100.00%",
    "time": 96,
    "timeDay": 97,
    "timeWeek": 121,
    "timeMonth": 91,
    "timeYear": 101,
    "dailyMinutesDown": {}
  },
  {
    "name": "kayser",
    "url": "https://www.kayser.pe",
    "icon": "https://icons.duckduckgo.com/ip3/www.kayser.pe.ico",
    "slug": "kayser",
    "status": "up",
    "uptime": "99.93%",
    "uptimeDay": "100.00%",
    "uptimeWeek": "100.00%",
    "uptimeMonth": "99.97%",
    "uptimeYear": "99.93%",
    "time": 2745,
    "timeDay": 1618,
    "timeWeek": 1709,
    "timeMonth": 1952,
    "timeYear": 2522,
    "dailyMinutesDown": {
      "2023-06-22": 15,
      "2023-02-14": 94,
      "2022-12-09": 23,
      "2022-10-17": 18,
      "2022-08-04": 16,
      "2022-08-02": 43,
      "2022-08-01": 69,
      "2022-07-27": 48,
      "2022-07-11": 43
    }
  },
  {
    "name": "promotoras kayser",
    "url": "https://www.promotoraskayser.pe",
    "icon": "https://icons.duckduckgo.com/ip3/www.promotoraskayser.pe.ico",
    "slug": "promotoras-kayser",
    "status": "up",
    "uptime": "97.85%",
    "uptimeDay": "100.00%",
    "uptimeWeek": "100.00%",
    "uptimeMonth": "100.00%",
    "uptimeYear": "99.90%",
    "time": 1076,
    "timeDay": 1608,
    "timeWeek": 1231,
    "timeMonth": 1109,
    "timeYear": 1083,
    "dailyMinutesDown": {
      "2023-03-16": 214,
      "2023-01-12": 318,
      "2022-07-29": 16
    }
  },
  {
    "name": "kayser contigo",
    "url": "https://kaysercontigo.pe",
    "icon": "https://icons.duckduckgo.com/ip3/kaysercontigo.pe.ico",
    "slug": "kayser-contigo",
    "status": "up",
    "uptime": "99.24%",
    "uptimeDay": "98.83%",
    "uptimeWeek": "99.59%",
    "uptimeMonth": "99.62%",
    "uptimeYear": "99.18%",
    "time": 2451,
    "timeDay": 901,
    "timeWeek": 946,
    "timeMonth": 785,
    "timeYear": 2280,
    "dailyMinutesDown": {
      "2023-07-04": 17,
      "2023-07-01": 24,
      "2023-06-22": 16,
      "2023-06-18": 56,
      "2023-06-06": 52,
      "2023-04-13": 53,
      "2023-03-29": 22,
      "2023-03-14": 17,
      "2023-02-17": 23,
      "2023-02-11": 41,
      "2023-02-09": 60,
      "2023-01-25": 17,
      "2023-01-21": 22,
      "2023-01-18": 66,
      "2023-01-06": 17,
      "2022-12-19": 79,
      "2022-12-18": 142,
      "2022-12-17": 417,
      "2022-12-16": 238,
      "2022-12-09": 108,
      "2022-12-08": 1,
      "2022-12-07": 22,
      "2022-12-06": 143,
      "2022-12-05": 22,
      "2022-12-02": 333,
      "2022-11-23": 1014,
      "2022-11-22": 572,
      "2022-11-17": 106,
      "2022-11-16": 22,
      "2022-10-17": 47,
      "2022-10-02": 24,
      "2022-09-25": 83,
      "2022-09-08": 40,
      "2022-09-05": 15,
      "2022-09-01": 53,
      "2022-08-25": 25,
      "2022-08-23": 20,
      "2022-08-16": 36,
      "2022-08-15": 18,
      "2022-08-01": 21,
      "2022-07-19": 27,
      "2022-07-11": 116,
      "2022-07-06": 62
    }
  },
  {
    "name": "monark",
    "url": "https://www.monark.com.pe",
    "icon": "https://icons.duckduckgo.com/ip3/www.monark.com.pe.ico",
    "slug": "monark",
    "status": "up",
    "uptime": "99.91%",
    "uptimeDay": "100.00%",
    "uptimeWeek": "100.00%",
    "uptimeMonth": "99.44%",
    "uptimeYear": "99.88%",
    "time": 1236,
    "timeDay": 2914,
    "timeWeek": 3431,
    "timeMonth": 3314,
    "timeYear": 1425,
    "dailyMinutesDown": {
      "2023-06-14": 139,
      "2023-06-13": 107,
      "2023-04-13": 20,
      "2023-03-28": 306,
      "2023-02-28": 27,
      "2022-07-29": 16
    }
  },
  {
    "name": "Siempre conectado HP",
    "url": "https://www.siempreconectado.pe",
    "icon": "https://icons.duckduckgo.com/ip3/www.siempreconectado.pe.ico",
    "slug": "siempre-conectado-hp",
    "status": "down",
    "uptime": "18.40%",
    "uptimeDay": "0.00%",
    "uptimeWeek": "0.00%",
    "uptimeMonth": "1.38%",
    "uptimeYear": "0.00%",
    "time": 2182,
    "timeDay": 0,
    "timeWeek": 0,
    "timeMonth": 0,
    "timeYear": 0,
    "dailyMinutesDown": {
      "2023-07-04": 332,
      "2023-07-03": 1440,
      "2023-07-02": 1440,
      "2023-07-01": 1440,
      "2023-06-30": 1440,
      "2023-06-29": 1440,
      "2023-06-28": 1440,
      "2023-06-27": 1440,
      "2023-06-26": 1440,
      "2023-06-25": 1440,
      "2023-06-24": 1440,
      "2023-06-23": 1440,
      "2023-06-22": 1440,
      "2023-06-21": 1440,
      "2023-06-20": 1440,
      "2023-06-19": 1440,
      "2023-06-18": 1440,
      "2023-06-17": 1440,
      "2023-06-16": 1440,
      "2023-06-15": 1440,
      "2023-06-14": 1440,
      "2023-06-13": 1440,
      "2023-06-12": 1440,
      "2023-06-11": 1440,
      "2023-06-10": 1440,
      "2023-06-09": 1440,
      "2023-06-08": 1440,
      "2023-06-07": 1440,
      "2023-06-06": 1440,
      "2023-06-05": 1440,
      "2023-06-04": 1440,
      "2023-06-03": 1440,
      "2023-06-02": 1440,
      "2023-06-01": 1440,
      "2023-05-31": 1440,
      "2023-05-30": 1440,
      "2023-05-29": 1440,
      "2023-05-28": 1440,
      "2023-05-27": 1440,
      "2023-05-26": 1440,
      "2023-05-25": 1440,
      "2023-05-24": 1440,
      "2023-05-23": 1440,
      "2023-05-22": 1440,
      "2023-05-21": 1440,
      "2023-05-20": 1440,
      "2023-05-19": 1440,
      "2023-05-18": 1440,
      "2023-05-17": 1440,
      "2023-05-16": 1440,
      "2023-05-15": 1440,
      "2023-05-14": 1440,
      "2023-05-13": 1440,
      "2023-05-12": 1440,
      "2023-05-11": 1440,
      "2023-05-10": 1440,
      "2023-05-09": 1440,
      "2023-05-08": 1440,
      "2023-05-07": 1440,
      "2023-05-06": 1440,
      "2023-05-05": 1440,
      "2023-05-04": 1440,
      "2023-05-03": 1440,
      "2023-05-02": 1440,
      "2023-05-01": 1440,
      "2023-04-30": 1440,
      "2023-04-29": 1440,
      "2023-04-28": 1440,
      "2023-04-27": 1440,
      "2023-04-26": 1440,
      "2023-04-25": 1440,
      "2023-04-24": 1440,
      "2023-04-23": 1440,
      "2023-04-22": 1440,
      "2023-04-21": 1440,
      "2023-04-20": 1440,
      "2023-04-19": 1440,
      "2023-04-18": 1440,
      "2023-04-17": 1440,
      "2023-04-16": 1440,
      "2023-04-15": 1440,
      "2023-04-14": 1440,
      "2023-04-13": 1440,
      "2023-04-12": 1440,
      "2023-04-11": 1440,
      "2023-04-10": 1440,
      "2023-04-09": 1440,
      "2023-04-08": 1440,
      "2023-04-07": 1440,
      "2023-04-06": 1440,
      "2023-04-05": 1440,
      "2023-04-04": 1440,
      "2023-04-03": 1440,
      "2023-04-02": 1440,
      "2023-04-01": 1440,
      "2023-03-31": 1440,
      "2023-03-30": 1440,
      "2023-03-29": 1440,
      "2023-03-28": 1440,
      "2023-03-27": 1440,
      "2023-03-26": 1440,
      "2023-03-25": 1440,
      "2023-03-24": 1440,
      "2023-03-23": 1440,
      "2023-03-22": 1440,
      "2023-03-21": 1440,
      "2023-03-20": 1440,
      "2023-03-19": 1440,
      "2023-03-18": 1440,
      "2023-03-17": 1440,
      "2023-03-16": 1440,
      "2023-03-15": 1440,
      "2023-03-14": 1440,
      "2023-03-13": 1440,
      "2023-03-12": 1440,
      "2023-03-11": 1440,
      "2023-03-10": 1440,
      "2023-03-09": 1440,
      "2023-03-08": 1440,
      "2023-03-07": 1440,
      "2023-03-06": 1440,
      "2023-03-05": 1440,
      "2023-03-04": 1440,
      "2023-03-03": 1440,
      "2023-03-02": 1440,
      "2023-03-01": 1440,
      "2023-02-28": 1440,
      "2023-02-27": 1440,
      "2023-02-26": 1440,
      "2023-02-25": 1440,
      "2023-02-24": 1440,
      "2023-02-23": 1440,
      "2023-02-22": 1440,
      "2023-02-21": 1440,
      "2023-02-20": 1440,
      "2023-02-19": 1440,
      "2023-02-18": 1440,
      "2023-02-17": 1440,
      "2023-02-16": 1440,
      "2023-02-15": 1440,
      "2023-02-14": 1440,
      "2023-02-13": 1440,
      "2023-02-12": 1440,
      "2023-02-11": 1440,
      "2023-02-10": 1440,
      "2023-02-09": 1440,
      "2023-02-08": 1440,
      "2023-02-07": 1440,
      "2023-02-06": 1440,
      "2023-02-05": 1440,
      "2023-02-04": 1440,
      "2023-02-03": 1440,
      "2023-02-02": 1440,
      "2023-02-01": 1440,
      "2023-01-31": 1440,
      "2023-01-30": 1440,
      "2023-01-29": 1440,
      "2023-01-28": 1440,
      "2023-01-27": 1440,
      "2023-01-26": 1440,
      "2023-01-25": 1440,
      "2023-01-24": 1440,
      "2023-01-23": 1440,
      "2023-01-22": 1440,
      "2023-01-21": 1440,
      "2023-01-20": 1440,
      "2023-01-19": 1440,
      "2023-01-18": 1440,
      "2023-01-17": 1440,
      "2023-01-16": 1440,
      "2023-01-15": 1440,
      "2023-01-14": 1440,
      "2023-01-13": 1440,
      "2023-01-12": 1440,
      "2023-01-11": 1440,
      "2023-01-10": 1440,
      "2023-01-09": 1440,
      "2023-01-08": 1440,
      "2023-01-07": 1440,
      "2023-01-06": 1440,
      "2023-01-05": 1440,
      "2023-01-04": 1440,
      "2023-01-03": 1440,
      "2023-01-02": 1440,
      "2023-01-01": 1440,
      "2022-12-31": 1440,
      "2022-12-30": 1440,
      "2022-12-29": 1440,
      "2022-12-28": 1440,
      "2022-12-27": 1440,
      "2022-12-26": 1440,
      "2022-12-25": 1440,
      "2022-12-24": 1440,
      "2022-12-23": 1440,
      "2022-12-22": 1440,
      "2022-12-21": 1440,
      "2022-12-20": 1440,
      "2022-12-19": 1440,
      "2022-12-18": 1440,
      "2022-12-17": 1440,
      "2022-12-16": 1440,
      "2022-12-15": 1440,
      "2022-12-14": 1440,
      "2022-12-13": 1440,
      "2022-12-12": 1440,
      "2022-12-11": 1440,
      "2022-12-10": 1440,
      "2022-12-09": 1440,
      "2022-12-08": 1440,
      "2022-12-07": 1440,
      "2022-12-06": 1440,
      "2022-12-05": 1440,
      "2022-12-04": 1440,
      "2022-12-03": 1440,
      "2022-12-02": 1440,
      "2022-12-01": 1440,
      "2022-11-30": 1440,
      "2022-11-29": 1440,
      "2022-11-28": 1440,
      "2022-11-27": 1440,
      "2022-11-26": 1440,
      "2022-11-25": 1440,
      "2022-11-24": 1440,
      "2022-11-23": 1440,
      "2022-11-22": 1440,
      "2022-11-21": 1440,
      "2022-11-20": 1440,
      "2022-11-19": 1440,
      "2022-11-18": 1440,
      "2022-11-17": 1440,
      "2022-11-16": 1440,
      "2022-11-15": 1440,
      "2022-11-14": 1440,
      "2022-11-13": 1440,
      "2022-11-12": 1440,
      "2022-11-11": 1440,
      "2022-11-10": 1440,
      "2022-11-09": 1440,
      "2022-11-08": 1440,
      "2022-11-07": 1440,
      "2022-11-06": 1440,
      "2022-11-05": 1440,
      "2022-11-04": 1440,
      "2022-11-03": 1440,
      "2022-11-02": 1440,
      "2022-11-01": 1440,
      "2022-10-31": 1440,
      "2022-10-30": 1440,
      "2022-10-29": 1440,
      "2022-10-28": 1440,
      "2022-10-27": 1440,
      "2022-10-26": 1440,
      "2022-10-25": 1440,
      "2022-10-24": 1440,
      "2022-10-23": 1440,
      "2022-10-22": 1440,
      "2022-10-21": 1440,
      "2022-10-20": 1440,
      "2022-10-19": 1440,
      "2022-10-18": 1440,
      "2022-10-17": 1440,
      "2022-10-16": 1440,
      "2022-10-15": 1440,
      "2022-10-14": 1440,
      "2022-10-13": 1440,
      "2022-10-12": 1440,
      "2022-10-11": 1440,
      "2022-10-10": 1440,
      "2022-10-09": 1440,
      "2022-10-08": 1440,
      "2022-10-07": 1440,
      "2022-10-06": 1440,
      "2022-10-05": 1440,
      "2022-10-04": 1440,
      "2022-10-03": 1440,
      "2022-10-02": 1440,
      "2022-10-01": 1440,
      "2022-09-30": 1440,
      "2022-09-29": 1440,
      "2022-09-28": 1440,
      "2022-09-27": 1440,
      "2022-09-26": 1440,
      "2022-09-25": 1440,
      "2022-09-24": 1440,
      "2022-09-23": 1440,
      "2022-09-22": 1440,
      "2022-09-21": 1440,
      "2022-09-20": 1440,
      "2022-09-19": 1440,
      "2022-09-18": 1440,
      "2022-09-17": 1440,
      "2022-09-16": 1440,
      "2022-09-15": 1440,
      "2022-09-14": 1440,
      "2022-09-13": 1440,
      "2022-09-12": 1440,
      "2022-09-11": 1440,
      "2022-09-10": 1440,
      "2022-09-09": 1440,
      "2022-09-08": 1440,
      "2022-09-07": 1440,
      "2022-09-06": 1440,
      "2022-09-05": 1440,
      "2022-09-04": 1440,
      "2022-09-03": 1440,
      "2022-09-02": 1440,
      "2022-09-01": 1440,
      "2022-08-31": 1440,
      "2022-08-30": 1440,
      "2022-08-29": 1440,
      "2022-08-28": 1440,
      "2022-08-27": 1440,
      "2022-08-26": 1440,
      "2022-08-25": 1440,
      "2022-08-24": 1440,
      "2022-08-23": 1440,
      "2022-08-22": 1440,
      "2022-08-21": 1440,
      "2022-08-20": 1440,
      "2022-08-19": 1440,
      "2022-08-18": 1440,
      "2022-08-17": 1440,
      "2022-08-16": 1440,
      "2022-08-15": 1440,
      "2022-08-14": 1440,
      "2022-08-13": 1440,
      "2022-08-12": 1440,
      "2022-08-11": 1440,
      "2022-08-10": 1440,
      "2022-08-09": 1440,
      "2022-08-08": 1440,
      "2022-08-07": 1440,
      "2022-08-06": 1440,
      "2022-08-05": 1440,
      "2022-08-04": 1440,
      "2022-08-03": 1440,
      "2022-08-02": 1440,
      "2022-08-01": 1440,
      "2022-07-31": 1440,
      "2022-07-30": 1440,
      "2022-07-29": 1440,
      "2022-07-28": 1440,
      "2022-07-27": 1440,
      "2022-07-26": 1440,
      "2022-07-25": 1440,
      "2022-07-24": 1440,
      "2022-07-23": 1440,
      "2022-07-22": 1440,
      "2022-07-21": 1440,
      "2022-07-20": 1440,
      "2022-07-19": 1440,
      "2022-07-18": 1440,
      "2022-07-17": 1440,
      "2022-07-16": 1440,
      "2022-07-15": 1440,
      "2022-07-14": 1440,
      "2022-07-13": 1440,
      "2022-07-12": 1440,
      "2022-07-11": 1440,
      "2022-07-10": 1440,
      "2022-07-09": 1440,
      "2022-07-08": 1440,
      "2022-07-07": 1440,
      "2022-07-06": 1440,
      "2022-07-05": 1440
    }
  },
  {
    "name": "Distribuidora Navarrete",
    "url": "https://www.distribuidoranavarrete.com.pe",
    "icon": "https://icons.duckduckgo.com/ip3/www.distribuidoranavarrete.com.pe.ico",
    "slug": "distribuidora-navarrete",
    "status": "up",
    "uptime": "99.04%",
    "uptimeDay": "100.00%",
    "uptimeWeek": "100.00%",
    "uptimeMonth": "100.00%",
    "uptimeYear": "98.76%",
    "time": 3027,
    "timeDay": 4466,
    "timeWeek": 4251,
    "timeMonth": 4381,
    "timeYear": 3194,
    "dailyMinutesDown": {
      "2023-02-22": 18,
      "2023-01-14": 28,
      "2022-11-21": 23,
      "2022-10-13": 153,
      "2022-10-12": 1440,
      "2022-10-11": 1440,
      "2022-10-10": 1440,
      "2022-10-09": 253,
      "2022-10-08": 312,
      "2022-10-07": 801,
      "2022-09-28": 183,
      "2022-09-27": 404,
      "2022-09-02": 16
    }
  },
  {
    "name": "Jafi Bike",
    "url": "https://www.jafibike.com.pe",
    "icon": "https://icons.duckduckgo.com/ip3/www.jafibike.com.pe.ico",
    "slug": "jafi-bike",
    "status": "up",
    "uptime": "99.96%",
    "uptimeDay": "100.00%",
    "uptimeWeek": "100.00%",
    "uptimeMonth": "100.00%",
    "uptimeYear": "99.96%",
    "time": 577,
    "timeDay": 1820,
    "timeWeek": 1064,
    "timeMonth": 872,
    "timeYear": 622,
    "dailyMinutesDown": {
      "2023-05-09": 15,
      "2022-09-20": 211
    }
  },
  {
    "name": "Consultoria",
    "url": "https://www.dyj-consultores.com.pe",
    "icon": "https://icons.duckduckgo.com/ip3/www.dyj-consultores.com.pe.ico",
    "slug": "consultoria",
    "status": "up",
    "uptime": "94.32%",
    "uptimeDay": "100.00%",
    "uptimeWeek": "100.00%",
    "uptimeMonth": "100.00%",
    "uptimeYear": "92.69%",
    "time": 680,
    "timeDay": 1055,
    "timeWeek": 865,
    "timeMonth": 798,
    "timeYear": 695,
    "dailyMinutesDown": {
      "2023-03-29": 506,
      "2023-03-28": 1440,
      "2023-03-27": 1440,
      "2023-03-26": 1440,
      "2023-03-25": 1440,
      "2023-03-24": 1440,
      "2023-03-23": 1440,
      "2023-03-22": 1440,
      "2023-03-21": 1440,
      "2023-03-20": 627,
      "2023-02-15": 1378,
      "2023-02-14": 1440,
      "2023-02-13": 1440,
      "2023-02-12": 1440,
      "2023-02-11": 1440,
      "2023-02-10": 1440,
      "2023-02-09": 1440,
      "2023-02-08": 1440,
      "2023-02-07": 1440,
      "2023-02-06": 1440,
      "2023-02-05": 1440,
      "2023-02-04": 1440,
      "2023-02-03": 1440,
      "2023-02-02": 1440,
      "2023-02-01": 304,
      "2023-01-21": 678,
      "2023-01-20": 1440,
      "2023-01-19": 1440,
      "2023-01-18": 1440,
      "2023-01-17": 379
    }
  },
  {
    "name": "Cama Clinica",
    "url": "https://www.camaclinica.pe",
    "icon": "https://icons.duckduckgo.com/ip3/www.camaclinica.pe.ico",
    "slug": "cama-clinica",
    "status": "up",
    "uptime": "99.49%",
    "uptimeDay": "100.00%",
    "uptimeWeek": "100.00%",
    "uptimeMonth": "100.00%",
    "uptimeYear": "99.56%",
    "time": 469,
    "timeDay": 586,
    "timeWeek": 576,
    "timeMonth": 494,
    "timeYear": 476,
    "dailyMinutesDown": {
      "2023-03-02": 65,
      "2022-08-03": 1241,
      "2022-08-02": 828,
      "2022-07-22": 162
    }
  },
  {
    "name": "HPimprime",
    "url": "https://imprimeloqueamas.com",
    "icon": "https://icons.duckduckgo.com/ip3/imprimeloqueamas.com.ico",
    "slug": "h-pimprime",
    "status": "down",
    "uptime": "13.08%",
    "uptimeDay": "0.00%",
    "uptimeWeek": "0.00%",
    "uptimeMonth": "1.38%",
    "uptimeYear": "0.00%",
    "time": 870,
    "timeDay": 0,
    "timeWeek": 0,
    "timeMonth": 0,
    "timeYear": 0,
    "dailyMinutesDown": {
      "2023-07-04": 332,
      "2023-07-03": 1440,
      "2023-07-02": 1440,
      "2023-07-01": 1440,
      "2023-06-30": 1440,
      "2023-06-29": 1440,
      "2023-06-28": 1440,
      "2023-06-27": 1440,
      "2023-06-26": 1440,
      "2023-06-25": 1440,
      "2023-06-24": 1440,
      "2023-06-23": 1440,
      "2023-06-22": 1440,
      "2023-06-21": 1440,
      "2023-06-20": 1440,
      "2023-06-19": 1440,
      "2023-06-18": 1440,
      "2023-06-17": 1440,
      "2023-06-16": 1440,
      "2023-06-15": 1440,
      "2023-06-14": 1440,
      "2023-06-13": 1440,
      "2023-06-12": 1440,
      "2023-06-11": 1440,
      "2023-06-10": 1440,
      "2023-06-09": 1440,
      "2023-06-08": 1440,
      "2023-06-07": 1440,
      "2023-06-06": 1440,
      "2023-06-05": 1440,
      "2023-06-04": 1440,
      "2023-06-03": 1440,
      "2023-06-02": 1440,
      "2023-06-01": 1440,
      "2023-05-31": 1440,
      "2023-05-30": 1440,
      "2023-05-29": 1440,
      "2023-05-28": 1440,
      "2023-05-27": 1440,
      "2023-05-26": 1440,
      "2023-05-25": 1440,
      "2023-05-24": 1440,
      "2023-05-23": 1440,
      "2023-05-22": 1440,
      "2023-05-21": 1440,
      "2023-05-20": 1440,
      "2023-05-19": 1440,
      "2023-05-18": 1440,
      "2023-05-17": 1440,
      "2023-05-16": 1440,
      "2023-05-15": 1440,
      "2023-05-14": 1440,
      "2023-05-13": 1440,
      "2023-05-12": 1440,
      "2023-05-11": 1440,
      "2023-05-10": 1440,
      "2023-05-09": 1440,
      "2023-05-08": 1440,
      "2023-05-07": 1440,
      "2023-05-06": 1440,
      "2023-05-05": 1440,
      "2023-05-04": 1440,
      "2023-05-03": 1440,
      "2023-05-02": 1440,
      "2023-05-01": 1440,
      "2023-04-30": 1440,
      "2023-04-29": 1440,
      "2023-04-28": 1440,
      "2023-04-27": 1440,
      "2023-04-26": 1440,
      "2023-04-25": 1440,
      "2023-04-24": 1440,
      "2023-04-23": 1440,
      "2023-04-22": 1440,
      "2023-04-21": 1440,
      "2023-04-20": 1440,
      "2023-04-19": 1440,
      "2023-04-18": 1440,
      "2023-04-17": 1440,
      "2023-04-16": 1440,
      "2023-04-15": 1440,
      "2023-04-14": 1440,
      "2023-04-13": 1440,
      "2023-04-12": 1440,
      "2023-04-11": 1440,
      "2023-04-10": 1440,
      "2023-04-09": 1440,
      "2023-04-08": 1440,
      "2023-04-07": 1440,
      "2023-04-06": 1440,
      "2023-04-05": 1440,
      "2023-04-04": 1440,
      "2023-04-03": 1440,
      "2023-04-02": 1440,
      "2023-04-01": 1440,
      "2023-03-31": 1440,
      "2023-03-30": 1440,
      "2023-03-29": 1440,
      "2023-03-28": 1440,
      "2023-03-27": 1440,
      "2023-03-26": 1440,
      "2023-03-25": 1440,
      "2023-03-24": 1440,
      "2023-03-23": 1440,
      "2023-03-22": 1440,
      "2023-03-21": 1440,
      "2023-03-20": 1440,
      "2023-03-19": 1440,
      "2023-03-18": 1440,
      "2023-03-17": 1440,
      "2023-03-16": 1440,
      "2023-03-15": 1440,
      "2023-03-14": 1440,
      "2023-03-13": 1440,
      "2023-03-12": 1440,
      "2023-03-11": 1440,
      "2023-03-10": 1440,
      "2023-03-09": 1440,
      "2023-03-08": 1440,
      "2023-03-07": 1440,
      "2023-03-06": 1440,
      "2023-03-05": 1440,
      "2023-03-04": 1440,
      "2023-03-03": 1440,
      "2023-03-02": 1440,
      "2023-03-01": 1440,
      "2023-02-28": 1440,
      "2023-02-27": 1440,
      "2023-02-26": 1440,
      "2023-02-25": 1440,
      "2023-02-24": 1440,
      "2023-02-23": 1440,
      "2023-02-22": 1440,
      "2023-02-21": 1440,
      "2023-02-20": 1440,
      "2023-02-19": 1440,
      "2023-02-18": 1440,
      "2023-02-17": 1440,
      "2023-02-16": 1440,
      "2023-02-15": 1440,
      "2023-02-14": 1440,
      "2023-02-13": 1440,
      "2023-02-12": 1440,
      "2023-02-11": 1440,
      "2023-02-10": 1440,
      "2023-02-09": 1440,
      "2023-02-08": 1440,
      "2023-02-07": 1440,
      "2023-02-06": 1440,
      "2023-02-05": 1440,
      "2023-02-04": 1440,
      "2023-02-03": 1440,
      "2023-02-02": 1440,
      "2023-02-01": 1440,
      "2023-01-31": 1440,
      "2023-01-30": 1440,
      "2023-01-29": 1440,
      "2023-01-28": 1440,
      "2023-01-27": 1440,
      "2023-01-26": 1440,
      "2023-01-25": 1440,
      "2023-01-24": 1440,
      "2023-01-23": 1440,
      "2023-01-22": 1440,
      "2023-01-21": 1440,
      "2023-01-20": 1440,
      "2023-01-19": 1440,
      "2023-01-18": 1440,
      "2023-01-17": 1440,
      "2023-01-16": 1440,
      "2023-01-15": 1440,
      "2023-01-14": 1440,
      "2023-01-13": 1440,
      "2023-01-12": 1440,
      "2023-01-11": 1440,
      "2023-01-10": 1440,
      "2023-01-09": 1440,
      "2023-01-08": 1440,
      "2023-01-07": 1440,
      "2023-01-06": 1440,
      "2023-01-05": 1440,
      "2023-01-04": 1440,
      "2023-01-03": 1440,
      "2023-01-02": 1440,
      "2023-01-01": 1440,
      "2022-12-31": 1440,
      "2022-12-30": 1440,
      "2022-12-29": 1440,
      "2022-12-28": 1440,
      "2022-12-27": 1440,
      "2022-12-26": 1440,
      "2022-12-25": 1440,
      "2022-12-24": 1440,
      "2022-12-23": 1440,
      "2022-12-22": 1440,
      "2022-12-21": 1440,
      "2022-12-20": 1440,
      "2022-12-19": 1440,
      "2022-12-18": 1440,
      "2022-12-17": 1440,
      "2022-12-16": 1440,
      "2022-12-15": 1440,
      "2022-12-14": 1440,
      "2022-12-13": 1440,
      "2022-12-12": 1440,
      "2022-12-11": 1440,
      "2022-12-10": 1440,
      "2022-12-09": 1440,
      "2022-12-08": 1440,
      "2022-12-07": 1440,
      "2022-12-06": 1440,
      "2022-12-05": 1440,
      "2022-12-04": 1440,
      "2022-12-03": 1440,
      "2022-12-02": 1440,
      "2022-12-01": 1440,
      "2022-11-30": 1440,
      "2022-11-29": 1440,
      "2022-11-28": 1440,
      "2022-11-27": 1440,
      "2022-11-26": 1440,
      "2022-11-25": 1440,
      "2022-11-24": 1440,
      "2022-11-23": 1440,
      "2022-11-22": 1440,
      "2022-11-21": 1440,
      "2022-11-20": 1440,
      "2022-11-19": 1440,
      "2022-11-18": 1440,
      "2022-11-17": 1440,
      "2022-11-16": 1440,
      "2022-11-15": 1440,
      "2022-11-14": 1440,
      "2022-11-13": 1440,
      "2022-11-12": 1440,
      "2022-11-11": 1440,
      "2022-11-10": 1440,
      "2022-11-09": 1440,
      "2022-11-08": 1440,
      "2022-11-07": 1440,
      "2022-11-06": 1440,
      "2022-11-05": 1440,
      "2022-11-04": 1440,
      "2022-11-03": 1440,
      "2022-11-02": 1440,
      "2022-11-01": 1440,
      "2022-10-31": 1440,
      "2022-10-30": 1440,
      "2022-10-29": 1440,
      "2022-10-28": 1440,
      "2022-10-27": 1440,
      "2022-10-26": 1440,
      "2022-10-25": 1440,
      "2022-10-24": 1440,
      "2022-10-23": 1440,
      "2022-10-22": 1440,
      "2022-10-21": 1440,
      "2022-10-20": 1440,
      "2022-10-19": 1440,
      "2022-10-18": 1440,
      "2022-10-17": 1440,
      "2022-10-16": 1440,
      "2022-10-15": 1440,
      "2022-10-14": 1440,
      "2022-10-13": 1440,
      "2022-10-12": 1440,
      "2022-10-11": 1440,
      "2022-10-10": 1440,
      "2022-10-09": 1440,
      "2022-10-08": 1440,
      "2022-10-07": 1440,
      "2022-10-06": 1440,
      "2022-10-05": 1440,
      "2022-10-04": 1440,
      "2022-10-03": 1440,
      "2022-10-02": 1440,
      "2022-10-01": 1440,
      "2022-09-30": 1440,
      "2022-09-29": 1440,
      "2022-09-28": 1440,
      "2022-09-27": 1440,
      "2022-09-26": 1440,
      "2022-09-25": 1440,
      "2022-09-24": 1440,
      "2022-09-23": 1440,
      "2022-09-22": 1440,
      "2022-09-21": 1440,
      "2022-09-20": 1440,
      "2022-09-19": 1440,
      "2022-09-18": 1440,
      "2022-09-17": 1440,
      "2022-09-16": 1440,
      "2022-09-15": 1440,
      "2022-09-14": 1440,
      "2022-09-13": 1440,
      "2022-09-12": 1440,
      "2022-09-11": 1440,
      "2022-09-10": 1440,
      "2022-09-09": 1440,
      "2022-09-08": 1440,
      "2022-09-07": 1440,
      "2022-09-06": 1440,
      "2022-09-05": 1440,
      "2022-09-04": 1440,
      "2022-09-03": 1440,
      "2022-09-02": 1440,
      "2022-09-01": 1440,
      "2022-08-31": 1440,
      "2022-08-30": 1440,
      "2022-08-29": 1440,
      "2022-08-28": 1440,
      "2022-08-27": 1440,
      "2022-08-26": 1440,
      "2022-08-25": 1440,
      "2022-08-24": 1440,
      "2022-08-23": 1440,
      "2022-08-22": 1440,
      "2022-08-21": 1440,
      "2022-08-20": 1440,
      "2022-08-19": 1440,
      "2022-08-18": 1440,
      "2022-08-17": 1440,
      "2022-08-16": 1440,
      "2022-08-15": 1440,
      "2022-08-14": 1440,
      "2022-08-13": 1440,
      "2022-08-12": 1440,
      "2022-08-11": 1440,
      "2022-08-10": 1440,
      "2022-08-09": 1440,
      "2022-08-08": 1440,
      "2022-08-07": 1440,
      "2022-08-06": 1440,
      "2022-08-05": 1440,
      "2022-08-04": 1440,
      "2022-08-03": 1440,
      "2022-08-02": 1440,
      "2022-08-01": 1440,
      "2022-07-31": 1440,
      "2022-07-30": 1440,
      "2022-07-29": 1440,
      "2022-07-28": 1440,
      "2022-07-27": 1440,
      "2022-07-26": 1440,
      "2022-07-25": 1440,
      "2022-07-24": 1440,
      "2022-07-23": 1440,
      "2022-07-22": 1440,
      "2022-07-21": 1440,
      "2022-07-20": 1440,
      "2022-07-19": 1440,
      "2022-07-18": 1440,
      "2022-07-17": 1440,
      "2022-07-16": 1440,
      "2022-07-15": 1440,
      "2022-07-14": 1440,
      "2022-07-13": 1440,
      "2022-07-12": 1440,
      "2022-07-11": 1440,
      "2022-07-10": 1440,
      "2022-07-09": 1440,
      "2022-07-08": 1440,
      "2022-07-07": 1440,
      "2022-07-06": 1440,
      "2022-07-05": 1440
    }
  },
  {
    "name": "ADM RYZEN",
    "url": "https://amd-ryzen.com.pe",
    "icon": "https://icons.duckduckgo.com/ip3/amd-ryzen.com.pe.ico",
    "slug": "adm-ryzen",
    "status": "down",
    "uptime": "95.10%",
    "uptimeDay": "0.00%",
    "uptimeWeek": "0.00%",
    "uptimeMonth": "52.18%",
    "uptimeYear": "95.10%",
    "time": 383,
    "timeDay": 0,
    "timeWeek": 0,
    "timeMonth": 339,
    "timeYear": 383,
    "dailyMinutesDown": {
      "2023-07-04": 332,
      "2023-07-03": 1440,
      "2023-07-02": 1440,
      "2023-07-01": 1440,
      "2023-06-30": 1440,
      "2023-06-29": 1440,
      "2023-06-28": 1440,
      "2023-06-27": 1440,
      "2023-06-26": 1440,
      "2023-06-25": 1440,
      "2023-06-24": 1440,
      "2023-06-23": 1440,
      "2023-06-22": 1440,
      "2023-06-21": 1440,
      "2023-06-20": 1440,
      "2023-06-19": 308,
      "2023-06-06": 112,
      "2023-06-05": 34,
      "2023-04-05": 16,
      "2023-03-19": 82,
      "2023-03-10": 25,
      "2022-12-11": 21,
      "2022-11-21": 24,
      "2022-11-16": 18,
      "2022-11-05": 22,
      "2022-10-21": 58,
      "2022-09-11": 28,
      "2022-09-06": 17
    }
  },
  {
    "name": "Maria Almenara",
    "url": "https://madmin7fgx.mariaalmenara.pe/index.php/madmin/permissions_user/index/key/e4871feb4f177ba1c9b699f37e218d95/",
    "icon": "https://icons.duckduckgo.com/ip3/madmin7fgx.mariaalmenara.pe.ico",
    "slug": "maria-almenara",
    "status": "up",
    "uptime": "97.99%",
    "uptimeDay": "100.00%",
    "uptimeWeek": "100.00%",
    "uptimeMonth": "100.00%",
    "uptimeYear": "97.99%",
    "time": 591,
    "timeDay": 675,
    "timeWeek": 579,
    "timeMonth": 504,
    "timeYear": 591,
    "dailyMinutesDown": {
      "2023-05-17": 16,
      "2023-05-02": 17,
      "2023-04-11": 63,
      "2023-04-03": 46,
      "2023-04-01": 17,
      "2023-03-26": 166,
      "2023-03-25": 2,
      "2023-03-24": 54,
      "2023-03-22": 699,
      "2023-02-20": 17,
      "2023-02-13": 16,
      "2023-01-18": 803,
      "2023-01-17": 1440,
      "2023-01-16": 1440,
      "2023-01-15": 111
    }
  },
  {
    "name": "Tracker 360",
    "url": "tracker360.mariaalmenara.net",
    "icon": "https://icons.duckduckgo.com/ip3/null.ico",
    "slug": "tracker-360",
    "status": "up",
    "uptime": "99.69%",
    "uptimeDay": "100.00%",
    "uptimeWeek": "100.00%",
    "uptimeMonth": "100.00%",
    "uptimeYear": "99.69%",
    "time": 347,
    "timeDay": 380,
    "timeWeek": 371,
    "timeMonth": 342,
    "timeYear": 347,
    "dailyMinutesDown": {
      "2023-03-10": 76,
      "2023-03-09": 146,
      "2023-03-07": 17,
      "2023-02-28": 92,
      "2023-02-15": 169,
      "2023-02-13": 23,
      "2023-01-26": 214,
      "2023-01-25": 22
    }
  },
  {
    "name": "Api Tracker360",
    "url": "http://transferencias.mariaalmenara.net:2712/typeCount/list",
    "icon": "https://icons.duckduckgo.com/ip3/transferencias.mariaalmenara.net.ico",
    "slug": "api-tracker360",
    "status": "up",
    "uptime": "99.48%",
    "uptimeDay": "100.00%",
    "uptimeWeek": "99.54%",
    "uptimeMonth": "98.27%",
    "uptimeYear": "99.48%",
    "time": 698,
    "timeDay": 1153,
    "timeWeek": 543,
    "timeMonth": 465,
    "timeYear": 698,
    "dailyMinutesDown": {
      "2023-07-02": 47,
      "2023-06-08": 710,
      "2023-03-06": 22,
      "2023-03-04": 55,
      "2023-03-03": 88
    }
  },
  {
    "name": "Api tracker360 Azure",
    "url": "https://tracker360api.azurewebsites.net/reason/list",
    "icon": "https://icons.duckduckgo.com/ip3/tracker360api.azurewebsites.net.ico",
    "slug": "api-tracker360-azure",
    "status": "up",
    "uptime": "100.00%",
    "uptimeDay": "100.00%",
    "uptimeWeek": "100.00%",
    "uptimeMonth": "100.00%",
    "uptimeYear": "100.00%",
    "time": 1200,
    "timeDay": 875,
    "timeWeek": 1179,
    "timeMonth": 1391,
    "timeYear": 1200,
    "dailyMinutesDown": {}
  }
]